{
    "root": "/home/workspace",
    "program": "<python with no main file>",
    "codeSaved": true,
    "startedAt": "2019-11-23T14:36:40.031493",
    "host": "4c494efc2dc6",
    "username": "root",
    "executable": "/opt/conda/bin/python",
    "os": "Linux-4.15.0-1041-gcp-x86_64-with-debian-stretch-sid",
    "python": "3.6.3",
    "gpu": "Tesla K80",
    "gpu_count": 1,
    "cpu_count": 4,
    "cuda": "10.1.243",
    "args": [
        "-f",
        "/root/.local/share/jupyter/runtime/kernel-5e25a707-804d-4d2f-9e27-49a6d68b385c.json"
    ],
    "state": "running",
    "jobType": null,
    "mode": "run",
    "name": "vital-sun-4",
    "project": "udacity_deep-reinforcement-learning_project-2",
    "heartbeatAt": "2019-11-23T14:38:32.720271"
}
