{
    "root": "/home/workspace",
    "program": "<python with no main file>",
    "codeSaved": true,
    "startedAt": "2019-11-23T16:52:06.470504",
    "host": "58947be7bc69",
    "username": "root",
    "executable": "/opt/conda/bin/python",
    "os": "Linux-4.15.0-1041-gcp-x86_64-with-debian-stretch-sid",
    "python": "3.6.3",
    "gpu": "Tesla K80",
    "gpu_count": 1,
    "cpu_count": 4,
    "cuda": "10.1.243",
    "args": [
        "-f",
        "/root/.local/share/jupyter/runtime/kernel-b78c1ecf-cada-4b4b-9efd-d3ca8128d653.json"
    ],
    "state": "running",
    "jobType": null,
    "mode": "run",
    "name": "breezy-fire-14",
    "project": "udacity_deep-reinforcement-learning_project-2",
    "heartbeatAt": "2019-11-23T17:06:32.191842"
}
