{
    "graph_1": {
        "_type": "graph",
        "format": "torch",
        "nodes": [
            {
                "name": "fc1",
                "id": 140673563536408,
                "class_name": "Linear(in_features=33, out_features=384, bias=True)",
                "parameters": [
                    [
                        "weight",
                        [
                            384,
                            33
                        ]
                    ],
                    [
                        "bias",
                        [
                            384
                        ]
                    ]
                ],
                "output_shape": [
                    [
                        512,
                        384
                    ]
                ],
                "num_parameters": [
                    12672,
                    384
                ]
            },
            {
                "name": "fc2",
                "id": 140673563536464,
                "class_name": "Linear(in_features=388, out_features=256, bias=True)",
                "parameters": [
                    [
                        "weight",
                        [
                            256,
                            388
                        ]
                    ],
                    [
                        "bias",
                        [
                            256
                        ]
                    ]
                ],
                "output_shape": [
                    [
                        512,
                        256
                    ]
                ],
                "num_parameters": [
                    99328,
                    256
                ]
            },
            {
                "name": "fc3",
                "id": 140673563536520,
                "class_name": "Linear(in_features=256, out_features=1, bias=True)",
                "parameters": [
                    [
                        "weight",
                        [
                            1,
                            256
                        ]
                    ],
                    [
                        "bias",
                        [
                            1
                        ]
                    ]
                ],
                "output_shape": [
                    [
                        512,
                        1
                    ]
                ],
                "num_parameters": [
                    256,
                    1
                ]
            }
        ],
        "edges": []
    },
    "graph_0": {
        "_type": "graph",
        "format": "torch",
        "nodes": [
            {
                "name": "fc1",
                "id": 140673563534672,
                "class_name": "Linear(in_features=33, out_features=384, bias=True)",
                "parameters": [
                    [
                        "weight",
                        [
                            384,
                            33
                        ]
                    ],
                    [
                        "bias",
                        [
                            384
                        ]
                    ]
                ],
                "output_shape": [
                    [
                        384
                    ]
                ],
                "num_parameters": [
                    12672,
                    384
                ]
            },
            {
                "name": "fc2",
                "id": 140673563534952,
                "class_name": "Linear(in_features=384, out_features=256, bias=True)",
                "parameters": [
                    [
                        "weight",
                        [
                            256,
                            384
                        ]
                    ],
                    [
                        "bias",
                        [
                            256
                        ]
                    ]
                ],
                "output_shape": [
                    [
                        256
                    ]
                ],
                "num_parameters": [
                    98304,
                    256
                ]
            },
            {
                "name": "fc3",
                "id": 140673563534728,
                "class_name": "Linear(in_features=256, out_features=4, bias=True)",
                "parameters": [
                    [
                        "weight",
                        [
                            4,
                            256
                        ]
                    ],
                    [
                        "bias",
                        [
                            4
                        ]
                    ]
                ],
                "output_shape": [
                    [
                        4
                    ]
                ],
                "num_parameters": [
                    1024,
                    4
                ]
            }
        ],
        "edges": []
    },
    "_runtime": 859.8061289787292,
    "Average Score": 0.6437363492477346,
    "Mean Score": 1.227499972563237,
    "_timestamp": 1574528786.276633,
    "_step": 54
}
