{
    "root": "/home/workspace",
    "program": "<python with no main file>",
    "codeSaved": true,
    "startedAt": "2019-11-23T14:30:55.701809",
    "host": "9ad9ee80889d",
    "username": "root",
    "executable": "/opt/conda/bin/python",
    "os": "Linux-4.15.0-1033-gcp-x86_64-with-debian-stretch-sid",
    "python": "3.6.3",
    "cpu_count": 1,
    "args": [
        "-f",
        "/root/.local/share/jupyter/runtime/kernel-93b30522-c19f-4d6f-bc39-16557a923f91.json"
    ],
    "state": "running",
    "jobType": null,
    "mode": "run",
    "name": "summer-silence-3",
    "project": "udacity_deep-reinforcement-learning_project-2",
    "heartbeatAt": "2019-11-23T14:33:04.260479"
}
