{
    "root": "/home/workspace",
    "program": "<python with no main file>",
    "codeSaved": true,
    "startedAt": "2019-11-23T15:54:44.060601",
    "host": "d5a0ae2e06b1",
    "username": "root",
    "executable": "/opt/conda/bin/python",
    "os": "Linux-4.15.0-1041-gcp-x86_64-with-debian-stretch-sid",
    "python": "3.6.3",
    "gpu": "Tesla K80",
    "gpu_count": 1,
    "cpu_count": 4,
    "cuda": "10.1.243",
    "args": [
        "-f",
        "/root/.local/share/jupyter/runtime/kernel-abb85390-59a0-432c-8dad-df958064ae7f.json"
    ],
    "state": "running",
    "jobType": null,
    "mode": "run",
    "name": "stellar-dream-9",
    "project": "udacity_deep-reinforcement-learning_project-2",
    "heartbeatAt": "2019-11-23T15:54:45.354336"
}
