{
    "root": "/home/workspace",
    "program": "<python with no main file>",
    "codeSaved": true,
    "startedAt": "2019-11-23T15:04:06.086920",
    "host": "104c8194f848",
    "username": "root",
    "executable": "/opt/conda/bin/python",
    "os": "Linux-4.15.0-1041-gcp-x86_64-with-debian-stretch-sid",
    "python": "3.6.3",
    "gpu": "Tesla K80",
    "gpu_count": 1,
    "cpu_count": 4,
    "cuda": "10.1.243",
    "args": [
        "-f",
        "/root/.local/share/jupyter/runtime/kernel-1fa228c6-2ac4-4eea-adc0-ef86b7606344.json"
    ],
    "state": "running",
    "jobType": null,
    "mode": "run",
    "name": "kind-sound-7",
    "project": "udacity_deep-reinforcement-learning_project-2",
    "heartbeatAt": "2019-11-23T15:13:11.338999"
}
