{
    "root": "/home/workspace",
    "program": "<python with no main file>",
    "codeSaved": true,
    "startedAt": "2019-11-23T14:44:03.722263",
    "host": "e33ffff0ade0",
    "username": "root",
    "executable": "/opt/conda/bin/python",
    "os": "Linux-4.15.0-1041-gcp-x86_64-with-debian-stretch-sid",
    "python": "3.6.3",
    "gpu": "Tesla K80",
    "gpu_count": 1,
    "cpu_count": 4,
    "cuda": "10.1.243",
    "args": [
        "-f",
        "/root/.local/share/jupyter/runtime/kernel-bb914766-d0d3-436a-823c-122ba12e4b40.json"
    ],
    "state": "running",
    "jobType": null,
    "mode": "run",
    "name": "dazzling-pine-5",
    "project": "udacity_deep-reinforcement-learning_project-2",
    "heartbeatAt": "2019-11-23T14:45:22.383649"
}
