{
    "graph_1": {
        "_type": "graph",
        "format": "torch",
        "nodes": [
            {
                "name": "fc1",
                "id": 140469475240984,
                "class_name": "Linear(in_features=33, out_features=512, bias=True)",
                "parameters": [
                    [
                        "weight",
                        [
                            512,
                            33
                        ]
                    ],
                    [
                        "bias",
                        [
                            512
                        ]
                    ]
                ],
                "output_shape": [
                    [
                        512,
                        512
                    ]
                ],
                "num_parameters": [
                    16896,
                    512
                ]
            },
            {
                "name": "fc2",
                "id": 140469475241040,
                "class_name": "Linear(in_features=516, out_features=256, bias=True)",
                "parameters": [
                    [
                        "weight",
                        [
                            256,
                            516
                        ]
                    ],
                    [
                        "bias",
                        [
                            256
                        ]
                    ]
                ],
                "output_shape": [
                    [
                        512,
                        256
                    ]
                ],
                "num_parameters": [
                    132096,
                    256
                ]
            },
            {
                "name": "fc3",
                "id": 140469475241096,
                "class_name": "Linear(in_features=256, out_features=1, bias=True)",
                "parameters": [
                    [
                        "weight",
                        [
                            1,
                            256
                        ]
                    ],
                    [
                        "bias",
                        [
                            1
                        ]
                    ]
                ],
                "output_shape": [
                    [
                        512,
                        1
                    ]
                ],
                "num_parameters": [
                    256,
                    1
                ]
            }
        ],
        "edges": []
    },
    "graph_0": {
        "_type": "graph",
        "format": "torch",
        "nodes": [
            {
                "name": "fc1",
                "id": 140469475239248,
                "class_name": "Linear(in_features=33, out_features=512, bias=True)",
                "parameters": [
                    [
                        "weight",
                        [
                            512,
                            33
                        ]
                    ],
                    [
                        "bias",
                        [
                            512
                        ]
                    ]
                ],
                "output_shape": [
                    [
                        512
                    ]
                ],
                "num_parameters": [
                    16896,
                    512
                ]
            },
            {
                "name": "fc2",
                "id": 140469475240592,
                "class_name": "Linear(in_features=512, out_features=256, bias=True)",
                "parameters": [
                    [
                        "weight",
                        [
                            256,
                            512
                        ]
                    ],
                    [
                        "bias",
                        [
                            256
                        ]
                    ]
                ],
                "output_shape": [
                    [
                        256
                    ]
                ],
                "num_parameters": [
                    131072,
                    256
                ]
            },
            {
                "name": "fc3",
                "id": 140469475239304,
                "class_name": "Linear(in_features=256, out_features=4, bias=True)",
                "parameters": [
                    [
                        "weight",
                        [
                            4,
                            256
                        ]
                    ],
                    [
                        "bias",
                        [
                            4
                        ]
                    ]
                ],
                "output_shape": [
                    [
                        4
                    ]
                ],
                "num_parameters": [
                    1024,
                    4
                ]
            }
        ],
        "edges": []
    },
    "_step": 2,
    "_runtime": 47.06740593910217,
    "Mean Score": 0.8949999799951911,
    "_timestamp": 1574524698.664797,
    "Average Score": 0.796166648870955
}
