{
    "graph_1": {
        "_type": "graph",
        "format": "torch",
        "nodes": [
            {
                "name": "fc1",
                "id": 140318823341024,
                "class_name": "Linear(in_features=33, out_features=512, bias=True)",
                "parameters": [
                    [
                        "weight",
                        [
                            512,
                            33
                        ]
                    ],
                    [
                        "bias",
                        [
                            512
                        ]
                    ]
                ],
                "output_shape": [
                    [
                        512,
                        512
                    ]
                ],
                "num_parameters": [
                    16896,
                    512
                ]
            },
            {
                "name": "fc2",
                "id": 140318823341080,
                "class_name": "Linear(in_features=516, out_features=256, bias=True)",
                "parameters": [
                    [
                        "weight",
                        [
                            256,
                            516
                        ]
                    ],
                    [
                        "bias",
                        [
                            256
                        ]
                    ]
                ],
                "output_shape": [
                    [
                        512,
                        256
                    ]
                ],
                "num_parameters": [
                    132096,
                    256
                ]
            },
            {
                "name": "fc3",
                "id": 140318823341136,
                "class_name": "Linear(in_features=256, out_features=1, bias=True)",
                "parameters": [
                    [
                        "weight",
                        [
                            1,
                            256
                        ]
                    ],
                    [
                        "bias",
                        [
                            1
                        ]
                    ]
                ],
                "output_shape": [
                    [
                        512,
                        1
                    ]
                ],
                "num_parameters": [
                    256,
                    1
                ]
            }
        ],
        "edges": []
    },
    "graph_0": {
        "_type": "graph",
        "format": "torch",
        "nodes": [
            {
                "name": "fc1",
                "id": 140318823339288,
                "class_name": "Linear(in_features=33, out_features=512, bias=True)",
                "parameters": [
                    [
                        "weight",
                        [
                            512,
                            33
                        ]
                    ],
                    [
                        "bias",
                        [
                            512
                        ]
                    ]
                ],
                "output_shape": [
                    [
                        512
                    ]
                ],
                "num_parameters": [
                    16896,
                    512
                ]
            },
            {
                "name": "fc2",
                "id": 140318823340632,
                "class_name": "Linear(in_features=512, out_features=256, bias=True)",
                "parameters": [
                    [
                        "weight",
                        [
                            256,
                            512
                        ]
                    ],
                    [
                        "bias",
                        [
                            256
                        ]
                    ]
                ],
                "output_shape": [
                    [
                        256
                    ]
                ],
                "num_parameters": [
                    131072,
                    256
                ]
            },
            {
                "name": "fc3",
                "id": 140318823339344,
                "class_name": "Linear(in_features=256, out_features=4, bias=True)",
                "parameters": [
                    [
                        "weight",
                        [
                            4,
                            256
                        ]
                    ],
                    [
                        "bias",
                        [
                            4
                        ]
                    ]
                ],
                "output_shape": [
                    [
                        4
                    ]
                ],
                "num_parameters": [
                    1024,
                    4
                ]
            }
        ],
        "edges": []
    },
    "_step": 56,
    "Mean Score": 0.0064999998547136785,
    "_timestamp": 1574527658.8784435,
    "Average Score": 0.01292982427239941,
    "_runtime": 768.4305663108826
}
