{
    "graph_5": {
        "_type": "graph",
        "edges": [],
        "nodes": [
            {
                "id": 140548879332128,
                "name": "fc1",
                "class_name": "Linear(in_features=33, out_features=512, bias=True)",
                "parameters": [
                    [
                        "weight",
                        [
                            512,
                            33
                        ]
                    ],
                    [
                        "bias",
                        [
                            512
                        ]
                    ]
                ],
                "output_shape": [
                    [
                        512,
                        512
                    ]
                ],
                "num_parameters": [
                    16896,
                    512
                ]
            },
            {
                "id": 140548879332184,
                "name": "fc2",
                "class_name": "Linear(in_features=516, out_features=256, bias=True)",
                "parameters": [
                    [
                        "weight",
                        [
                            256,
                            516
                        ]
                    ],
                    [
                        "bias",
                        [
                            256
                        ]
                    ]
                ],
                "output_shape": [
                    [
                        512,
                        256
                    ]
                ],
                "num_parameters": [
                    132096,
                    256
                ]
            },
            {
                "id": 140548879332240,
                "name": "fc3",
                "class_name": "Linear(in_features=256, out_features=1, bias=True)",
                "parameters": [
                    [
                        "weight",
                        [
                            1,
                            256
                        ]
                    ],
                    [
                        "bias",
                        [
                            1
                        ]
                    ]
                ],
                "output_shape": [
                    [
                        512,
                        1
                    ]
                ],
                "num_parameters": [
                    256,
                    1
                ]
            }
        ],
        "format": "torch"
    },
    "graph_4": {
        "_type": "graph",
        "edges": [],
        "nodes": [
            {
                "id": 140548879331624,
                "name": "fc1",
                "class_name": "Linear(in_features=33, out_features=512, bias=True)",
                "parameters": [
                    [
                        "weight",
                        [
                            512,
                            33
                        ]
                    ],
                    [
                        "bias",
                        [
                            512
                        ]
                    ]
                ],
                "output_shape": [
                    [
                        512
                    ]
                ],
                "num_parameters": [
                    16896,
                    512
                ]
            },
            {
                "id": 140548879331792,
                "name": "fc2",
                "class_name": "Linear(in_features=512, out_features=256, bias=True)",
                "parameters": [
                    [
                        "weight",
                        [
                            256,
                            512
                        ]
                    ],
                    [
                        "bias",
                        [
                            256
                        ]
                    ]
                ],
                "output_shape": [
                    [
                        256
                    ]
                ],
                "num_parameters": [
                    131072,
                    256
                ]
            },
            {
                "id": 140548879331680,
                "name": "fc3",
                "class_name": "Linear(in_features=256, out_features=4, bias=True)",
                "parameters": [
                    [
                        "weight",
                        [
                            4,
                            256
                        ]
                    ],
                    [
                        "bias",
                        [
                            4
                        ]
                    ]
                ],
                "output_shape": [
                    [
                        4
                    ]
                ],
                "num_parameters": [
                    1024,
                    4
                ]
            }
        ],
        "format": "torch"
    },
    "gradients/graph_5fc3.weight": {
        "_type": "histogram",
        "values": [
            1.0,
            0.0,
            0.0,
            0.0,
            0.0,
            0.0,
            0.0,
            0.0,
            0.0,
            0.0,
            0.0,
            0.0,
            1.0,
            0.0,
            0.0,
            0.0,
            0.0,
            0.0,
            0.0,
            0.0,
            0.0,
            0.0,
            0.0,
            0.0,
            0.0,
            0.0,
            0.0,
            0.0,
            0.0,
            0.0,
            0.0,
            0.0,
            1.0,
            0.0,
            3.0,
            0.0,
            1.0,
            1.0,
            0.0,
            1.0,
            0.0,
            0.0,
            0.0,
            0.0,
            0.0,
            0.0,
            1.0,
            1.0,
            0.0,
            0.0,
            1.0,
            0.0,
            1.0,
            1.0,
            1.0,
            1.0,
            0.0,
            2.0,
            0.0,
            2.0,
            2.0,
            1.0,
            10.0,
            223.0
        ],
        "bins": [
            -1.3036775588989258,
            -1.2833075523376465,
            -1.2629376649856567,
            -1.2425676584243774,
            -1.2221977710723877,
            -1.2018277645111084,
            -1.181457757949829,
            -1.1610878705978394,
            -1.14071786403656,
            -1.1203478574752808,
            -1.099977970123291,
            -1.0796079635620117,
            -1.0592379570007324,
            -1.0388680696487427,
            -1.0184980630874634,
            -0.9981281161308289,
            -0.9777581691741943,
            -0.9573882222175598,
            -0.9370182752609253,
            -0.916648268699646,
            -0.8962783217430115,
            -0.875908374786377,
            -0.8555383682250977,
            -0.8351684212684631,
            -0.8147984743118286,
            -0.7944285273551941,
            -0.7740585803985596,
            -0.7536885738372803,
            -0.7333186268806458,
            -0.7129486799240112,
            -0.6925786733627319,
            -0.6722087264060974,
            -0.6518387794494629,
            -0.6314688324928284,
            -0.6110988855361938,
            -0.5907288789749146,
            -0.57035893201828,
            -0.5499889850616455,
            -0.5296189785003662,
            -0.5092490315437317,
            -0.48887908458709717,
            -0.46850913763046265,
            -0.4481391906738281,
            -0.42776918411254883,
            -0.4073992371559143,
            -0.3870292901992798,
            -0.3666592836380005,
            -0.34628933668136597,
            -0.32591938972473145,
            -0.3055494427680969,
            -0.2851794958114624,
            -0.2648094892501831,
            -0.24443960189819336,
            -0.22406959533691406,
            -0.20369958877563477,
            -0.18332970142364502,
            -0.16295969486236572,
            -0.14258968830108643,
            -0.12221980094909668,
            -0.10184979438781738,
            -0.08147978782653809,
            -0.06110990047454834,
            -0.04073989391326904,
            -0.020370006561279297,
            0.0
        ]
    },
    "gradients/graph_5fc1.weight": {
        "_type": "histogram",
        "values": [
            1.0,
            1.0,
            0.0,
            2.0,
            3.0,
            1.0,
            2.0,
            5.0,
            4.0,
            6.0,
            7.0,
            9.0,
            16.0,
            21.0,
            28.0,
            43.0,
            50.0,
            83.0,
            88.0,
            171.0,
            361.0,
            983.0,
            11447.0,
            2157.0,
            602.0,
            297.0,
            139.0,
            86.0,
            70.0,
            57.0,
            32.0,
            36.0,
            24.0,
            19.0,
            7.0,
            5.0,
            9.0,
            4.0,
            3.0,
            1.0,
            6.0,
            1.0,
            1.0,
            0.0,
            2.0,
            1.0,
            1.0,
            0.0,
            3.0,
            0.0,
            0.0,
            0.0,
            0.0,
            0.0,
            0.0,
            0.0,
            0.0,
            0.0,
            0.0,
            0.0,
            0.0,
            0.0,
            0.0,
            1.0
        ],
        "bins": [
            -0.008825075812637806,
            -0.008436922915279865,
            -0.00804876908659935,
            -0.007660616189241409,
            -0.007272463291883469,
            -0.006884310394525528,
            -0.0064961570315063,
            -0.006108003668487072,
            -0.005719850771129131,
            -0.005331697873771191,
            -0.004943544510751963,
            -0.004555391147732735,
            -0.004167238250374794,
            -0.0037790853530168533,
            -0.0033909319899976254,
            -0.0030027786269783974,
            -0.0026146257296204567,
            -0.002226472832262516,
            -0.001838319469243288,
            -0.00145016610622406,
            -0.0010620132088661194,
            -0.0006738603115081787,
            -0.0002857064828276634,
            0.00010244641453027725,
            0.0004905993118882179,
            0.0008787522092461586,
            0.0012669051066040993,
            0.0016550589352846146,
            0.0020432118326425552,
            0.002431364730000496,
            0.002819518558681011,
            0.003207671456038952,
            0.0035958243533968925,
            0.003983977250754833,
            0.004372130148112774,
            0.004760283976793289,
            0.00514843687415123,
            0.0055365897715091705,
            0.005924743600189686,
            0.0063128964975476265,
            0.006701049394905567,
            0.007089202292263508,
            0.0074773551896214485,
            0.00786550808697939,
            0.008253662846982479,
            0.00864181574434042,
            0.00902996864169836,
            0.009418121539056301,
            0.009806274436414242,
            0.010194427333772182,
            0.010582580231130123,
            0.010970733128488064,
            0.011358886025846004,
            0.011747040785849094,
            0.012135193683207035,
            0.012523346580564976,
            0.012911499477922916,
            0.013299652375280857,
            0.013687805272638798,
            0.014075958169996738,
            0.014464112929999828,
            0.014852265827357769,
            0.01524041872471571,
            0.015628572553396225,
            0.016016725450754166
        ]
    },
    "gradients/graph_5fc2.bias": {
        "_type": "histogram",
        "values": [
            1.0,
            0.0,
            0.0,
            0.0,
            0.0,
            0.0,
            0.0,
            0.0,
            0.0,
            0.0,
            0.0,
            0.0,
            0.0,
            0.0,
            0.0,
            0.0,
            0.0,
            0.0,
            0.0,
            0.0,
            0.0,
            0.0,
            0.0,
            0.0,
            0.0,
            0.0,
            0.0,
            0.0,
            1.0,
            0.0,
            1.0,
            0.0,
            1.0,
            0.0,
            0.0,
            1.0,
            2.0,
            1.0,
            1.0,
            0.0,
            0.0,
            1.0,
            1.0,
            0.0,
            0.0,
            1.0,
            1.0,
            0.0,
            3.0,
            1.0,
            0.0,
            1.0,
            2.0,
            2.0,
            1.0,
            1.0,
            3.0,
            3.0,
            8.0,
            208.0,
            2.0,
            2.0,
            3.0,
            3.0
        ],
        "bins": [
            -0.003377276938408613,
            -0.0033204094506800175,
            -0.0032635419629514217,
            -0.003206674475222826,
            -0.0031498067546635866,
            -0.003092939266934991,
            -0.003036071779206395,
            -0.0029792042914777994,
            -0.0029223368037492037,
            -0.002865469316020608,
            -0.0028086015954613686,
            -0.002751734107732773,
            -0.002694866620004177,
            -0.0026379991322755814,
            -0.0025811316445469856,
            -0.00252426415681839,
            -0.002467396669089794,
            -0.0024105291813611984,
            -0.0023536616936326027,
            -0.002296794205904007,
            -0.0022399264853447676,
            -0.002183058997616172,
            -0.002126191509887576,
            -0.0020693240221589804,
            -0.002012456301599741,
            -0.0019555888138711452,
            -0.0018987214425578713,
            -0.0018418538384139538,
            -0.001784986350685358,
            -0.0017281188629567623,
            -0.0016712513752281666,
            -0.001614383771084249,
            -0.0015575162833556533,
            -0.0015006487956270576,
            -0.00144378119148314,
            -0.0013869137037545443,
            -0.0013300462160259485,
            -0.0012731787282973528,
            -0.001216311240568757,
            -0.0011594437528401613,
            -0.001102576032280922,
            -0.0010457085445523262,
            -0.0009888410568237305,
            -0.0009319735690951347,
            -0.000875106081366539,
            -0.0008182385936379433,
            -0.0007613711059093475,
            -0.0007045033853501081,
            -0.0006476358976215124,
            -0.0005907684098929167,
            -0.0005339009221643209,
            -0.0004770334344357252,
            -0.0004201659467071295,
            -0.00036329845897853374,
            -0.00030643073841929436,
            -0.0002495632506906986,
            -0.0001926957629621029,
            -0.00013582827523350716,
            -7.896078750491142e-05,
            -2.209329977631569e-05,
            3.4774187952280045e-05,
            9.164190851151943e-05,
            0.00014850939624011517,
            0.0002053768839687109,
            0.00026224437169730663
        ]
    },
    "gradients/graph_5fc1.bias": {
        "_type": "histogram",
        "values": [
            1.0,
            0.0,
            0.0,
            0.0,
            0.0,
            0.0,
            0.0,
            0.0,
            0.0,
            0.0,
            0.0,
            0.0,
            0.0,
            0.0,
            0.0,
            0.0,
            2.0,
            0.0,
            3.0,
            1.0,
            0.0,
            3.0,
            4.0,
            5.0,
            5.0,
            8.0,
            4.0,
            5.0,
            14.0,
            12.0,
            9.0,
            11.0,
            14.0,
            24.0,
            14.0,
            22.0,
            12.0,
            28.0,
            23.0,
            22.0,
            28.0,
            31.0,
            22.0,
            22.0,
            21.0,
            19.0,
            14.0,
            15.0,
            16.0,
            19.0,
            11.0,
            10.0,
            7.0,
            8.0,
            4.0,
            3.0,
            7.0,
            1.0,
            4.0,
            0.0,
            1.0,
            1.0,
            0.0,
            2.0
        ],
        "bins": [
            -0.0005448187002912164,
            -0.0005316635360941291,
            -0.0005185083136893809,
            -0.0005053531494922936,
            -0.0004921979270875454,
            -0.0004790427628904581,
            -0.00046588756958954036,
            -0.0004527323762886226,
            -0.0004395771829877049,
            -0.00042642198968678713,
            -0.0004132667963858694,
            -0.00040011160308495164,
            -0.00038695643888786435,
            -0.00037380121648311615,
            -0.00036064605228602886,
            -0.0003474908589851111,
            -0.00033433566568419337,
            -0.00032118047238327563,
            -0.0003080252790823579,
            -0.00029487008578144014,
            -0.0002817148924805224,
            -0.0002685597282834351,
            -0.00025540453498251736,
            -0.00024224934168159962,
            -0.00022909414838068187,
            -0.00021593895507976413,
            -0.00020278376177884638,
            -0.00018962856847792864,
            -0.00017647340428084135,
            -0.0001633182109799236,
            -0.00015016301767900586,
            -0.00013700782437808812,
            -0.00012385263107717037,
            -0.00011069743777625263,
            -9.754224447533488e-05,
            -8.438705117441714e-05,
            -7.12318578734994e-05,
            -5.8076693676412106e-05,
            -4.4921471271663904e-05,
            -3.1766307074576616e-05,
            -1.8611084669828415e-05,
            -5.455920472741127e-06,
            7.699243724346161e-06,
            2.0854466129094362e-05,
            3.400963032618165e-05,
            4.716485273092985e-05,
            6.032001692801714e-05,
            7.347523933276534e-05,
            8.663040352985263e-05,
            9.978556772693992e-05,
            0.00011294079013168812,
            0.0001260959543287754,
            0.0001392511767335236,
            0.0001524063409306109,
            0.0001655615633353591,
            0.00017871672753244638,
            0.00019187189172953367,
            0.00020502711413428187,
            0.00021818227833136916,
            0.00023133750073611736,
            0.00024449266493320465,
            0.00025764788733795285,
            0.00027080305153504014,
            0.00028395827393978834,
            0.00029711343813687563
        ]
    },
    "gradients/graph_4fc3.bias": {
        "_type": "histogram",
        "values": [
            1.0,
            0.0,
            0.0,
            0.0,
            0.0,
            0.0,
            0.0,
            0.0,
            0.0,
            0.0,
            0.0,
            0.0,
            0.0,
            0.0,
            0.0,
            0.0,
            0.0,
            0.0,
            0.0,
            0.0,
            0.0,
            0.0,
            0.0,
            0.0,
            0.0,
            0.0,
            0.0,
            0.0,
            0.0,
            1.0,
            0.0,
            0.0,
            0.0,
            0.0,
            0.0,
            0.0,
            0.0,
            0.0,
            0.0,
            0.0,
            0.0,
            0.0,
            1.0,
            0.0,
            0.0,
            0.0,
            0.0,
            0.0,
            0.0,
            0.0,
            0.0,
            0.0,
            0.0,
            0.0,
            0.0,
            0.0,
            0.0,
            0.0,
            0.0,
            0.0,
            0.0,
            0.0,
            0.0,
            1.0
        ],
        "bins": [
            -4.437967215942251e-10,
            -4.3043377195850496e-10,
            -4.170708223227848e-10,
            -4.0370787268706465e-10,
            -3.903449230513445e-10,
            -3.7698197341562434e-10,
            -3.636190237799042e-10,
            -3.502560463886084e-10,
            -3.3689312450846387e-10,
            -3.235301471171681e-10,
            -3.1016722523702356e-10,
            -2.968042478457278e-10,
            -2.8344129821000763e-10,
            -2.700783485742875e-10,
            -2.567153989385673e-10,
            -2.4335244930284716e-10,
            -2.29989499667127e-10,
            -2.1662655003140685e-10,
            -2.032636003956867e-10,
            -1.8990065075996654e-10,
            -1.7653770112424638e-10,
            -1.6317475148852623e-10,
            -1.4981180185280607e-10,
            -1.3644885221708591e-10,
            -1.2308587482579014e-10,
            -1.0972292519006999e-10,
            -9.635997555434983e-11,
            -8.299702591862967e-11,
            -6.963407628290952e-11,
            -5.627112664718936e-11,
            -4.2908177011469206e-11,
            -2.954522737574905e-11,
            -1.6182277740028894e-11,
            -2.819328104308738e-12,
            1.0543621531411418e-11,
            2.390659892270719e-11,
            3.726952080285173e-11,
            5.06324981941475e-11,
            6.399542007429204e-11,
            7.735839746558781e-11,
            9.072131934573235e-11,
            1.0408429673702813e-10,
            1.1744721861717267e-10,
            1.3081019600846844e-10,
            1.4417311788861298e-10,
            1.5753609527990875e-10,
            1.708990171600533e-10,
            1.8426199455134906e-10,
            1.9762497194264483e-10,
            2.1098789382278937e-10,
            2.2435087121408515e-10,
            2.377137930942297e-10,
            2.5107677048552546e-10,
            2.6443969236567e-10,
            2.7780266975696577e-10,
            2.911655916371103e-10,
            3.045285690284061e-10,
            3.178914909085506e-10,
            3.312544682998464e-10,
            3.4461739017999093e-10,
            3.579803675712867e-10,
            3.7134328945143125e-10,
            3.84706266842727e-10,
            3.9806918872287156e-10,
            4.1143216611416733e-10
        ]
    },
    "gradients/graph_4fc1.bias": {
        "_type": "histogram",
        "values": [
            2.0,
            0.0,
            1.0,
            0.0,
            0.0,
            0.0,
            1.0,
            0.0,
            0.0,
            0.0,
            1.0,
            3.0,
            1.0,
            10.0,
            8.0,
            3.0,
            7.0,
            7.0,
            5.0,
            10.0,
            8.0,
            6.0,
            9.0,
            10.0,
            8.0,
            11.0,
            5.0,
            9.0,
            4.0,
            8.0,
            6.0,
            8.0,
            7.0,
            4.0,
            5.0,
            8.0,
            4.0,
            6.0,
            6.0,
            5.0,
            3.0,
            4.0,
            1.0,
            6.0,
            1.0,
            3.0,
            4.0,
            1.0,
            0.0,
            2.0,
            0.0,
            0.0,
            1.0,
            0.0,
            1.0,
            1.0,
            0.0,
            0.0,
            0.0,
            0.0,
            0.0,
            0.0,
            68.0,
            220.0
        ],
        "bins": [
            -1.0708203768139413e-10,
            -1.0540849443296807e-10,
            -1.0373495812343592e-10,
            -1.0206141487500986e-10,
            -1.003878716265838e-10,
            -9.871432837815775e-11,
            -9.704079206862559e-11,
            -9.536724882019953e-11,
            -9.369370557177348e-11,
            -9.202016926224132e-11,
            -9.034662601381527e-11,
            -8.867308276538921e-11,
            -8.699954645585706e-11,
            -8.5326003207431e-11,
            -8.365245995900494e-11,
            -8.197891671057889e-11,
            -8.030537346215283e-11,
            -7.863183715262068e-11,
            -7.695829390419462e-11,
            -7.528475065576856e-11,
            -7.361121434623641e-11,
            -7.193767109781035e-11,
            -7.02641278493843e-11,
            -6.859059153985214e-11,
            -6.691704829142608e-11,
            -6.524350504300003e-11,
            -6.356996873346787e-11,
            -6.189641854614791e-11,
            -6.022288223661576e-11,
            -5.85493389881897e-11,
            -5.68757992092106e-11,
            -5.520225596078454e-11,
            -5.3528716181805436e-11,
            -5.185517640282633e-11,
            -5.0181633154400274e-11,
            -4.850809337542117e-11,
            -4.683455012699511e-11,
            -4.5161006878569054e-11,
            -4.34874705690369e-11,
            -4.1813927320610844e-11,
            -4.014038407218479e-11,
            -3.8466847762652634e-11,
            -3.679330451422658e-11,
            -3.511976126580052e-11,
            -3.344621801737446e-11,
            -3.177268170784231e-11,
            -3.009913845941625e-11,
            -2.8425595210990195e-11,
            -2.6752058901458042e-11,
            -2.5078515653031985e-11,
            -2.3404972404605928e-11,
            -2.173142915617987e-11,
            -2.0057892846647718e-11,
            -1.838434959822166e-11,
            -1.6710806349795604e-11,
            -1.5037263101369547e-11,
            -1.3363726791837394e-11,
            -1.1690183543411337e-11,
            -1.001664029498528e-11,
            -8.343103985453126e-12,
            -6.669560737027069e-12,
            -4.996017488601012e-12,
            -3.322474240174955e-12,
            -1.648937930642802e-12,
            2.4605317783255032e-14
        ]
    },
    "_timestamp": 1574518461.0792828,
    "_runtime": 425.9458920955658,
    "gradients/graph_5fc2.weight": {
        "_type": "histogram",
        "values": [
            3.0,
            2.0,
            2.0,
            2.0,
            3.0,
            0.0,
            5.0,
            8.0,
            11.0,
            10.0,
            14.0,
            10.0,
            21.0,
            16.0,
            28.0,
            43.0,
            51.0,
            53.0,
            61.0,
            77.0,
            103.0,
            115.0,
            153.0,
            154.0,
            205.0,
            244.0,
            315.0,
            370.0,
            385.0,
            495.0,
            643.0,
            765.0,
            1062.0,
            1408.0,
            1990.0,
            119459.0,
            2540.0,
            686.0,
            306.0,
            164.0,
            62.0,
            22.0,
            7.0,
            3.0,
            2.0,
            2.0,
            6.0,
            2.0,
            2.0,
            2.0,
            2.0,
            0.0,
            0.0,
            0.0,
            0.0,
            0.0,
            0.0,
            0.0,
            0.0,
            0.0,
            0.0,
            0.0,
            0.0,
            2.0
        ],
        "bins": [
            -0.004317875485867262,
            -0.00419763894751668,
            -0.004077402409166098,
            -0.0039571658708155155,
            -0.003836929565295577,
            -0.003716693026944995,
            -0.003596456488594413,
            -0.0034762199502438307,
            -0.0033559834118932486,
            -0.00323574710637331,
            -0.003115510568022728,
            -0.002995274029672146,
            -0.0028750374913215637,
            -0.0027548009529709816,
            -0.0026345644146203995,
            -0.0025143278762698174,
            -0.0023940913379192352,
            -0.0022738550323992968,
            -0.0021536184940487146,
            -0.0020333819556981325,
            -0.0019131454173475504,
            -0.0017929088789969683,
            -0.0016726723406463861,
            -0.0015524360351264477,
            -0.0014321994967758656,
            -0.0013119629584252834,
            -0.0011917264200747013,
            -0.0010714898817241192,
            -0.0009512533433735371,
            -0.0008310170378535986,
            -0.0007107804995030165,
            -0.0005905439611524343,
            -0.0004703074228018522,
            -0.00035007111728191376,
            -0.00022983457893133163,
            -0.00010959804058074951,
            1.0638497769832611e-05,
            0.00013087503612041473,
            0.00025111157447099686,
            0.000371348112821579,
            0.0004915846511721611,
            0.0006118211895227432,
            0.0007320577278733253,
            0.0008522942662239075,
            0.0009725308045744896,
            0.0010927668772637844,
            0.0012130034156143665,
            0.0013332399539649487,
            0.0014534764923155308,
            0.001573713030666113,
            0.001693949569016695,
            0.0018141861073672771,
            0.0019344226457178593,
            0.0020546591840684414,
            0.0021748957224190235,
            0.0022951322607696056,
            0.0024153687991201878,
            0.00253560533747077,
            0.0026558414101600647,
            0.002776077948510647,
            0.002896314486861229,
            0.003016551025211811,
            0.003136787563562393,
            0.0032570241019129753,
            0.0033772606402635574
        ]
    },
    "gradients/graph_4fc2.bias": {
        "_type": "histogram",
        "values": [
            5.0,
            8.0,
            6.0,
            12.0,
            19.0,
            14.0,
            21.0,
            24.0,
            12.0,
            11.0,
            16.0,
            18.0,
            9.0,
            5.0,
            9.0,
            9.0,
            3.0,
            5.0,
            6.0,
            1.0,
            3.0,
            2.0,
            2.0,
            2.0,
            0.0,
            3.0,
            0.0,
            0.0,
            1.0,
            1.0,
            1.0,
            1.0,
            1.0,
            1.0,
            1.0,
            2.0,
            1.0,
            0.0,
            0.0,
            1.0,
            0.0,
            0.0,
            0.0,
            0.0,
            0.0,
            0.0,
            1.0,
            3.0,
            0.0,
            0.0,
            0.0,
            1.0,
            1.0,
            0.0,
            0.0,
            0.0,
            0.0,
            0.0,
            0.0,
            0.0,
            0.0,
            0.0,
            3.0,
            11.0
        ],
        "bins": [
            -2.4783994301280643e-11,
            -2.4396738101950532e-11,
            -2.4009483637343898e-11,
            -2.3622227438013788e-11,
            -2.3234972973407153e-11,
            -2.2847716774077043e-11,
            -2.2460462309470408e-11,
            -2.2073206110140298e-11,
            -2.1685951645533663e-11,
            -2.1298695446203553e-11,
            -2.0911440981596918e-11,
            -2.0524184782266808e-11,
            -2.0136930317660173e-11,
            -1.9749674118330063e-11,
            -1.9362419653723428e-11,
            -1.8975163454393318e-11,
            -1.8587908989786683e-11,
            -1.8200652790456573e-11,
            -1.781339832584994e-11,
            -1.7426142126519828e-11,
            -1.7038887661913193e-11,
            -1.6651631462583083e-11,
            -1.6264375263252973e-11,
            -1.5877120798646338e-11,
            -1.5489866334039704e-11,
            -1.5102610134709593e-11,
            -1.4715353935379483e-11,
            -1.4328099470772848e-11,
            -1.3940844138804476e-11,
            -1.3553588806836103e-11,
            -1.316633347486773e-11,
            -1.2779078142899358e-11,
            -1.2391822810930986e-11,
            -1.2004567478962613e-11,
            -1.1617312146994241e-11,
            -1.1230056815025868e-11,
            -1.0842801483057496e-11,
            -1.0455546151089123e-11,
            -1.0068289951759013e-11,
            -9.681035487152378e-12,
            -9.293779287822268e-12,
            -8.906524823215634e-12,
            -8.519268623885523e-12,
            -8.132014159278889e-12,
            -7.744757959948778e-12,
            -7.357503495342144e-12,
            -6.970247296012033e-12,
            -6.582992831405399e-12,
            -6.195736632075288e-12,
            -5.808482167468654e-12,
            -5.421225968138543e-12,
            -5.033971503531909e-12,
            -4.646715304201798e-12,
            -4.259460839595164e-12,
            -3.872204640265053e-12,
            -3.484950175658419e-12,
            -3.0976939763283085e-12,
            -2.710439511721674e-12,
            -2.3231833123915635e-12,
            -1.935928847784929e-12,
            -1.5486726484548186e-12,
            -1.161418183848184e-12,
            -7.741619845180736e-13,
            -3.869075199114391e-13,
            3.4867941867133823e-16
        ]
    },
    "gradients/graph_4fc3.weight": {
        "_type": "histogram",
        "values": [
            1.0,
            2.0,
            1.0,
            4.0,
            3.0,
            4.0,
            9.0,
            15.0,
            19.0,
            9.0,
            12.0,
            12.0,
            13.0,
            17.0,
            12.0,
            12.0,
            10.0,
            11.0,
            10.0,
            8.0,
            10.0,
            10.0,
            6.0,
            5.0,
            2.0,
            4.0,
            2.0,
            1.0,
            6.0,
            34.0,
            112.0,
            77.0,
            29.0,
            60.0,
            18.0,
            13.0,
            23.0,
            31.0,
            51.0,
            52.0,
            48.0,
            27.0,
            12.0,
            9.0,
            6.0,
            12.0,
            9.0,
            14.0,
            12.0,
            10.0,
            13.0,
            18.0,
            15.0,
            13.0,
            13.0,
            13.0,
            17.0,
            13.0,
            7.0,
            4.0,
            4.0,
            1.0,
            3.0,
            1.0
        ],
        "bins": [
            -7.38162420077515e-10,
            -7.159435266856917e-10,
            -6.937245777827172e-10,
            -6.71505684390894e-10,
            -6.492867909990707e-10,
            -6.270678420960962e-10,
            -6.04848948704273e-10,
            -5.826300553124497e-10,
            -5.604111064094752e-10,
            -5.38192213017652e-10,
            -5.159732641146775e-10,
            -4.937543707228542e-10,
            -4.71535477331031e-10,
            -4.493165561836321e-10,
            -4.270976350362332e-10,
            -4.0487874164440996e-10,
            -3.826598204970111e-10,
            -3.604408993496122e-10,
            -3.3822200595778895e-10,
            -3.160030848103901e-10,
            -2.937841636629912e-10,
            -2.7156527027116795e-10,
            -2.4934632136819346e-10,
            -2.271274279763702e-10,
            -2.0490853458454694e-10,
            -1.8268958568157245e-10,
            -1.604706922897492e-10,
            -1.3825179889792594e-10,
            -1.1603284999495145e-10,
            -9.381395660312819e-11,
            -7.159506321130493e-11,
            -4.9376114308330443e-11,
            -2.7157220916507185e-11,
            -4.9383275246839275e-12,
            1.728062137829056e-11,
            3.949951477011382e-11,
            6.171840816193708e-11,
            8.393735706491157e-11,
            1.0615625045673482e-10,
            1.2837514384855808e-10,
            1.5059409275153257e-10,
            1.7281298614335583e-10,
            1.9503187953517909e-10,
            2.1725077292700234e-10,
            2.3946977734112807e-10,
            2.616886707329513e-10,
            2.839075641247746e-10,
            3.0612645751659784e-10,
            3.283453509084211e-10,
            3.5056424430024435e-10,
            3.727832487143701e-10,
            3.9500214210619333e-10,
            4.172210354980166e-10,
            4.3943992888983985e-10,
            4.616588222816631e-10,
            4.838777156734864e-10,
            5.060967200876121e-10,
            5.283156134794353e-10,
            5.505345068712586e-10,
            5.727534002630819e-10,
            5.949722936549051e-10,
            6.171911870467284e-10,
            6.394101914608541e-10,
            6.616290848526774e-10,
            6.838479782445006e-10
        ]
    },
    "gradients/graph_5fc3.bias": {
        "_type": "histogram",
        "values": [
            0.0,
            0.0,
            0.0,
            0.0,
            0.0,
            0.0,
            0.0,
            0.0,
            0.0,
            0.0,
            0.0,
            0.0,
            0.0,
            0.0,
            0.0,
            0.0,
            0.0,
            0.0,
            0.0,
            0.0,
            0.0,
            0.0,
            0.0,
            0.0,
            0.0,
            0.0,
            0.0,
            0.0,
            0.0,
            0.0,
            0.0,
            0.0,
            1.0,
            0.0,
            0.0,
            0.0,
            0.0,
            0.0,
            0.0,
            0.0,
            0.0,
            0.0,
            0.0,
            0.0,
            0.0,
            0.0,
            0.0,
            0.0,
            0.0,
            0.0,
            0.0,
            0.0,
            0.0,
            0.0,
            0.0,
            0.0,
            0.0,
            0.0,
            0.0,
            0.0,
            0.0,
            0.0,
            0.0,
            0.0
        ],
        "bins": [
            -1.0,
            -1.0,
            -1.0,
            -1.0,
            -1.0,
            -1.0,
            -1.0,
            -1.0,
            -1.0,
            -1.0,
            -1.0,
            -1.0,
            -1.0,
            -1.0,
            -1.0,
            -1.0,
            -1.0,
            -1.0,
            -1.0,
            -1.0,
            -1.0,
            -1.0,
            -1.0,
            -1.0,
            -1.0,
            -1.0,
            -1.0,
            -1.0,
            -1.0,
            -1.0,
            -1.0,
            -1.0,
            -1.0,
            -1.0,
            -1.0,
            -1.0,
            -1.0,
            -1.0,
            -1.0,
            -1.0,
            -1.0,
            -1.0,
            -1.0,
            -1.0,
            -1.0,
            -1.0,
            -1.0,
            -1.0,
            -1.0,
            -1.0,
            -1.0,
            -1.0,
            -1.0,
            -1.0,
            -1.0,
            -1.0,
            -1.0,
            -1.0,
            -1.0,
            -1.0,
            -1.0,
            -1.0,
            -1.0,
            -1.0,
            -1.0
        ]
    },
    "gradients/graph_4fc1.weight": {
        "_type": "histogram",
        "values": [
            3.0,
            0.0,
            1.0,
            3.0,
            12.0,
            17.0,
            18.0,
            20.0,
            28.0,
            25.0,
            28.0,
            50.0,
            89.0,
            121.0,
            159.0,
            150.0,
            164.0,
            215.0,
            227.0,
            280.0,
            305.0,
            533.0,
            733.0,
            10663.0,
            321.0,
            433.0,
            322.0,
            351.0,
            224.0,
            142.0,
            69.0,
            79.0,
            96.0,
            103.0,
            126.0,
            132.0,
            120.0,
            116.0,
            79.0,
            56.0,
            49.0,
            43.0,
            21.0,
            8.0,
            14.0,
            15.0,
            10.0,
            12.0,
            14.0,
            11.0,
            17.0,
            10.0,
            17.0,
            3.0,
            12.0,
            10.0,
            8.0,
            4.0,
            1.0,
            0.0,
            0.0,
            1.0,
            1.0,
            2.0
        ],
        "bins": [
            -4.155754629309172e-10,
            -3.979485352356704e-10,
            -3.8032160754042366e-10,
            -3.626947076007525e-10,
            -3.4506777990550574e-10,
            -3.27440852210259e-10,
            -3.098139245150122e-10,
            -2.9218699681976545e-10,
            -2.745600968800943e-10,
            -2.5693314142927193e-10,
            -2.393062414896008e-10,
            -2.2167931379435402e-10,
            -2.0405238609910725e-10,
            -1.864254722816483e-10,
            -1.6879855846418934e-10,
            -1.5117163076894258e-10,
            -1.3354470307369581e-10,
            -1.1591777537844905e-10,
            -9.829084768320229e-11,
            -8.066394774353114e-11,
            -6.303702004828438e-11,
            -4.541009235303761e-11,
            -2.778316465779085e-11,
            -1.0156236962544085e-11,
            7.470690732702678e-12,
            2.5097590672373826e-11,
            4.272451836762059e-11,
            6.035144606286735e-11,
            7.79783460025385e-11,
            9.560530145336088e-11,
            1.1323220139303203e-10,
            1.308591568438544e-10,
            1.4848605678352556e-10,
            1.661129567231967e-10,
            1.8373991217401908e-10,
            2.0136681211369023e-10,
            2.189937675645126e-10,
            2.3662066750418376e-10,
            2.542475674438549e-10,
            2.718745228946773e-10,
            2.8950142283434843e-10,
            3.071283782851708e-10,
            3.2475527822484196e-10,
            3.423821781645131e-10,
            3.600091336153355e-10,
            3.7763603355500663e-10,
            3.95262989005829e-10,
            4.1288988894550016e-10,
            4.3051684439632254e-10,
            4.481437443359937e-10,
            4.657706442756648e-10,
            4.833975997264872e-10,
            5.010244996661584e-10,
            5.186514551169807e-10,
            5.362783550566519e-10,
            5.53905254996323e-10,
            5.715321549359942e-10,
            5.891591658979678e-10,
            6.067860658376389e-10,
            6.244129657773101e-10,
            6.420398657169812e-10,
            6.596667656566524e-10,
            6.77293776618626e-10,
            6.949206765582971e-10,
            7.125475764979683e-10
        ]
    },
    "gradients/graph_4fc2.weight": {
        "_type": "histogram",
        "values": [
            4.0,
            6.0,
            9.0,
            9.0,
            16.0,
            18.0,
            24.0,
            39.0,
            29.0,
            39.0,
            56.0,
            69.0,
            79.0,
            86.0,
            81.0,
            104.0,
            106.0,
            148.0,
            151.0,
            156.0,
            181.0,
            226.0,
            232.0,
            217.0,
            224.0,
            230.0,
            216.0,
            258.0,
            279.0,
            323.0,
            397.0,
            381.0,
            459.0,
            405.0,
            513.0,
            614.0,
            687.0,
            691.0,
            762.0,
            814.0,
            966.0,
            1102.0,
            1257.0,
            1435.0,
            1483.0,
            1672.0,
            1661.0,
            1579.0,
            1716.0,
            1711.0,
            1635.0,
            1683.0,
            1585.0,
            1794.0,
            2301.0,
            2293.0,
            2384.0,
            2578.0,
            2250.0,
            1790.0,
            2381.0,
            2813.0,
            4880.0,
            76785.0
        ],
        "bins": [
            -2.8664754597729214e-11,
            -2.8216796954527723e-11,
            -2.7768839311326232e-11,
            -2.7320879933401265e-11,
            -2.6872922290199774e-11,
            -2.6424964646998284e-11,
            -2.5977007003796793e-11,
            -2.5529047625871826e-11,
            -2.5081089982670335e-11,
            -2.4633132339468844e-11,
            -2.4185174696267353e-11,
            -2.3737217053065862e-11,
            -2.3289257675140895e-11,
            -2.2841300031939404e-11,
            -2.2393342388737913e-11,
            -2.1945383010812947e-11,
            -2.1497425367611456e-11,
            -2.1049467724409965e-11,
            -2.0601510081208474e-11,
            -2.0153552438006983e-11,
            -1.9705594794805492e-11,
            -1.9257635416880525e-11,
            -1.8809677773679034e-11,
            -1.8361718395754068e-11,
            -1.7913760752552577e-11,
            -1.7465803109351086e-11,
            -1.7017845466149595e-11,
            -1.6569887822948104e-11,
            -1.6121930179746613e-11,
            -1.5673970801821646e-11,
            -1.5226013158620155e-11,
            -1.4778053780695188e-11,
            -1.4330097004855435e-11,
            -1.3882138494292207e-11,
            -1.3434180851090716e-11,
            -1.2986223207889225e-11,
            -1.2538265564687734e-11,
            -1.2090306186762767e-11,
            -1.1642348543561276e-11,
            -1.1194390900359785e-11,
            -1.0746433257158294e-11,
            -1.0298473879233327e-11,
            -9.850516236031837e-12,
            -9.402558592830346e-12,
            -8.954600949628855e-12,
            -8.506641571703888e-12,
            -8.058683928502397e-12,
            -7.610726285300906e-12,
            -7.162768642099415e-12,
            -6.714810998897924e-12,
            -6.2668516209729574e-12,
            -5.8188939777714666e-12,
            -5.370936334569976e-12,
            -4.922978691368485e-12,
            -4.475019313443518e-12,
            -4.027061670242027e-12,
            -3.579104027040536e-12,
            -3.131146383839045e-12,
            -2.6831870059140783e-12,
            -2.2352293627125874e-12,
            -1.7872717195110965e-12,
            -1.3393140763096056e-12,
            -8.913546983846388e-13,
            -4.4339705518314787e-13,
            4.560588018343026e-15
        ]
    },
    "_step": 20,
    "Mean Score": 0.009499999787658453,
    "Average Score": 0.01397499968763441
}
